MLDM,MLMC,YJXKDM,YJXKMC,ZYDM,ZYMC,YZYDM,XWLX,CC,ZYSZQY,XZ,SINCE,UNTIL,ZYLYDM,ZYQXDM,
01,哲学,0101,哲学,010100,哲学,,xs,a,p,gjbzk,2016,,,,
01,哲学,0101,哲学,010101,马克思主义哲学,,xs,a,p,gjbzk,2016,,,,
01,哲学,0101,哲学,010102,中国哲学,,xs,a,p,gjbzk,2016,,,,
01,哲学,0101,哲学,010103,外国哲学,,xs,a,p,gjbzk,2016,,,,
01,哲学,0101,哲学,010104,逻辑学,,xs,a,p,gjbzk,2016,,,,
01,哲学,0101,哲学,010105,伦理学,,xs,a,p,gjbzk,2016,,,,
01,哲学,0101,哲学,010106,美学,,xs,a,p,gjbzk,2016,,,,
01,哲学,0101,哲学,010107,宗教学,,xs,a,p,gjbzk,2016,,,,
01,哲学,0101,哲学,010108,科学技术哲学,,xs,a,p,gjbzk,2016,,,,
01,哲学,0101,哲学,0101Z1,管理哲学,,xs,,,xxzs,2016,,,,
02,经济学,0201,理论经济学,020100,理论经济学,,xs,a,p,gjbzk,2016,,,,
02,经济学,0201,理论经济学,020101,政治经济学,,xs,a,p,gjbzk,2016,,,,
02,经济学,0201,理论经济学,020102,经济思想史,,xs,a,p,gjbzk,2016,,,,
02,经济学,0201,理论经济学,020103,经济史,,xs,a,p,gjbzk,2016,,,,
02,经济学,0201,理论经济学,020104,西方经济学,,xs,a,p,gjbzk,2016,,,,
02,经济学,0201,理论经济学,020105,世界经济,,xs,a,p,gjbzk,2016,,,,
02,经济学,0201,理论经济学,020106,人口、资源与环境经济学,,xs,a,p,gjbzk,2016,,,,
02,经济学,0202,应用经济学,020200,应用经济学,,xs,a,p,gjbzk,2016,,,,
02,经济学,0202,应用经济学,020201,国民经济学,,xs,a,p,gjbzk,2016,,,,
02,经济学,0202,应用经济学,020202,区域经济学,,xs,a,p,gjbzk,2016,,,,
02,经济学,0202,应用经济学,020203,财政学,,xs,a,p,gjbzk,2016,,,,
02,经济学,0202,应用经济学,020204,金融学,,xs,a,p,gjbzk,2016,,,,
02,经济学,0202,应用经济学,020205,产业经济学,,xs,a,p,gjbzk,2016,,,,
02,经济学,0202,应用经济学,020206,国际贸易学,,xs,a,p,gjbzk,2016,,,,
02,经济学,0202,应用经济学,020207,劳动经济学,,xs,a,p,gjbzk,2016,,,,
02,经济学,0202,应用经济学,020208,统计学,,xs,a,p,gjbzk,2016,,,,
02,经济学,0202,应用经济学,020209,数量经济学,,xs,a,p,gjbzk,2016,,,,
02,经济学,0202,应用经济学,020210,国防经济,,xs,a,p,gjbzk,2016,,,,
02,金融,0251,金融,025100,金融,,zx,s,p,gjbzk,2016,,,,
02,应用统计,0252,应用统计,025200,应用统计,,zx,s,p,gjbzk,2016,,,,
02,税务,0253,税务,025300,税务,,zx,s,p,gjbzk,2016,,,,
02,国际商务,0254,国际商务,025400,国际商务,,zx,s,p,gjbzk,2016,,,,
02,保险,0255,保险,025500,保险,,zx,s,p,gjbzk,2016,,,,
02,资产评估,0256,资产评估,025600,资产评估,,zx,s,p,gjbzk,2016,,,,
02,审计,0257,审计,025700,审计,,zx,s,m,gjbzk,2016,,,,
02,经济学,0270,统计学,027000,统计学,071400,xs,a,p,gjbzk,2016,,,,
03,法学,0301,法学,030100,法学,,xs,a,p,gjbzk,2016,,,,
03,法学,0301,法学,030101,法学理论,,xs,a,p,gjbzk,2016,,,,
03,法学,0301,法学,030102,法律史,,xs,a,p,gjbzk,2016,,,,
03,法学,0301,法学,030103,宪法学与行政法学,,xs,a,p,gjbzk,2016,,,,
03,法学,0301,法学,030104,刑法学,,xs,a,p,gjbzk,2016,,,,
03,法学,0301,法学,030105,民商法学,,xs,a,p,gjbzk,2016,,,,
03,法学,0301,法学,030106,诉讼法学,,xs,a,p,gjbzk,2016,,,,
03,法学,0301,法学,030107,经济法学,,xs,a,p,gjbzk,2016,,,,
03,法学,0301,法学,030108,环境与资源保护法学,,xs,a,p,gjbzk,2016,,,,
03,法学,0301,法学,030109,国际法学,,xs,a,p,gjbzk,2016,,,,
03,法学,0301,法学,030110,军事法学,,xs,a,p,gjbzk,2016,,,,
03,法学,0302,政治学,030200,政治学,,xs,a,p,gjbzk,2016,,,,
03,法学,0302,政治学,030201,政治学理论,,xs,a,p,gjbzk,2016,,,,
03,法学,0302,政治学,030202,中外政治制度,,xs,a,p,gjbzk,2016,,,,
03,法学,0302,政治学,030203,科学社会主义与国际共产主义运动,,xs,a,p,gjbzk,2016,,,,
03,法学,0302,政治学,030204,中共党史,,xs,a,p,gjbzk,2016,,,,
03,法学,0302,政治学,030206,国际政治,,xs,a,p,gjbzk,2016,,,,
03,法学,0302,政治学,030207,国际关系,,xs,a,p,gjbzk,2016,,,,
03,法学,0302,政治学,030208,外交学,,xs,a,p,gjbzk,2016,,,,
03,法学,0302,政治学,030220,社会工作与管理,,xs,,,xxzs,2016,,,,
03,法学,0302,政治学,0302J1,公共关系,,xs,,,xxzs,2016,,,,
03,法学,0302,政治学,0302Z1,政治哲学与思想史,,xs,,,xxzs,2016,,,,
03,法学,0303,社会学,030300,社会学,,xs,a,p,gjbzk,2016,,,,
03,法学,0303,社会学,030301,社会学,,xs,a,p,gjbzk,2016,,,,
03,法学,0303,社会学,030302,人口学,,xs,a,p,gjbzk,2016,,,,
03,法学,0303,社会学,030303,人类学,,xs,a,p,gjbzk,2016,,,,
03,法学,0303,社会学,030304,民俗学,,xs,a,p,gjbzk,2016,,,,
03,法学,0304,民族学,030400,民族学,,xs,a,p,gjbzk,2016,,,,
03,法学,0304,民族学,030401,民族学,,xs,a,p,gjbzk,2016,,,,
03,法学,0304,民族学,030402,马克思主义民族理论与政策,,xs,a,p,gjbzk,2016,,,,
03,法学,0304,民族学,030403,中国少数民族经济,,xs,a,p,gjbzk,2016,,,,
03,法学,0304,民族学,030404,中国少数民族史,,xs,a,p,gjbzk,2016,,,,
03,法学,0304,民族学,030405,中国少数民族艺术,,xs,a,p,gjbzk,2016,,,,
03,法学,0305,马克思主义理论,030500,马克思主义理论,,xs,a,p,gjbzk,2016,,,,
03,法学,0305,马克思主义理论,030501,马克思主义基本原理,,xs,a,p,gjbzk,2016,,,,
03,法学,0305,马克思主义理论,030502,马克思主义发展史,,xs,a,p,gjbzk,2016,,,,
03,法学,0305,马克思主义理论,030503,马克思主义中国化研究,,xs,a,p,gjbzk,2016,,,,
03,法学,0305,马克思主义理论,030504,国外马克思主义研究,,xs,a,p,gjbzk,2016,,,,
03,法学,0305,马克思主义理论,030505,思想政治教育,,xs,a,p,gjbzk,2016,,,,
03,法学,0305,马克思主义理论,030506,中国近现代史基本问题研究,,xs,a,p,gjbzk,2016,,,,
03,法学,0306,公安学,030600,公安学,,xs,a,p,gjbzk,2016,,,,
03,法学,0351,法律,035100,法律,,zx,s,p,gjbzk,2016,,,,
03,法学,0351,法律,035101,法律（非法学）,,zx,s,j,gjbzk,2016,,,,
03,法学,0351,法律,035102,法律（法学）,,zx,s,p,gjbzk,2016,,,,
03,法学,0352,社会工作,035200,社会工作,,zx,s,p,gjbzk,2016,,,,
03,法学,0353,警务,035300,警务,,zx,s,p,gjbzk,2016,,,,
04,教育学,0401,教育学,040100,教育学,,xs,a,p,gjbzk,2016,,,,
04,教育学,0401,教育学,040101,教育学原理,,xs,a,p,gjbzk,2016,,,,
04,教育学,0401,教育学,040102,课程与教学论,,xs,a,p,gjbzk,2016,,,,
04,教育学,0401,教育学,040103,教育史,,xs,a,p,gjbzk,2016,,,,
04,教育学,0401,教育学,040104,比较教育学,,xs,a,p,gjbzk,2016,,,,
04,教育学,0401,教育学,040105,学前教育学,,xs,a,p,gjbzk,2016,,,,
04,教育学,0401,教育学,040106,高等教育学,,xs,a,p,gjbzk,2016,,,,
04,教育学,0401,教育学,040107,成人教育学,,xs,a,p,gjbzk,2016,,,,
04,教育学,0401,教育学,040108,职业技术教育学,,xs,a,p,gjbzk,2016,,,,
04,教育学,0401,教育学,040109,特殊教育学,,xs,a,p,gjbzk,2016,,,,
04,教育学,0401,教育学,040110,教育技术学,,xs,a,p,gjbzk,2016,,,,
04,教育学,0401,教育学,040111,教育法学,,xs,a,p,gjbzk,2016,,,,
04,教育学,0401,教育学,040120,学科教育,,xs,,,xxzs,2016,,,,
04,教育学,0401,教育学,040122,领导教育学,,xs,,,xxzs,2016,,,,
04,教育学,0401,教育学,040126,学习科学与技术设计,,xs,,,xxzs,2016,,,,
04,教育学,0401,教育学,040127,人力资源开发与教育,,xs,,,xxzs,2016,,,,
04,教育学,0401,教育学,040128,言语与听觉科学,,xs,,,xxzs,2016,,,,
04,教育学,0401,教育学,0401J1,言语听觉康复科学,,xs,,,xxzs,2016,,,,
04,教育学,0401,教育学,0401Z1,教育文化与社会,,xs,,,xxzs,2016,,,,
04,教育学,0401,教育学,0401Z2,教育政策学,,xs,,,xxzs,2016,,,,
04,教育学,0401,教育学,0401Z3,少年儿童组织与思想意识教育,,xs,,,xxzs,2016,,,,
04,教育学,0402,心理学,040200,心理学,,xs,a,p,gjbzk,2016,,,,
04,教育学,0402,心理学,040201,基础心理学,,xs,a,p,gjbzk,2016,,,,
04,教育学,0402,心理学,040202,发展与教育心理学,,xs,a,p,gjbzk,2016,,,,
04,教育学,0402,心理学,040203,应用心理学,,xs,a,p,gjbzk,2016,,,,
04,教育学,0403,体育学,040300,体育学,,xs,a,t,gjbzk,2016,,,,
04,教育学,0403,体育学,040301,体育人文社会学,,xs,a,t,gjbzk,2016,,,,
04,教育学,0403,体育学,040302,运动人体科学,,xs,a,t,gjbzk,2016,,,,
04,教育学,0403,体育学,040303,体育教育训练学,,xs,a,t,gjbzk,2016,,,,
04,教育学,0403,体育学,040304,民族传统体育学,,xs,a,t,gjbzk,2016,,,,
04,教育学,0451,教育,045100,教育,,zx,s,p,gjbzk,2016,,,,
04,教育学,0451,教育,045101,教育管理,,zx,s,p,gjbzk,2016,,,,
04,教育学,0451,教育,045102,学科教学（思政）,,zx,s,p,gjbzk,2016,,,,
04,教育学,0451,教育,045103,学科教学（语文）,,zx,s,p,gjbzk,2016,,,,
04,教育学,0451,教育,045104,学科教学（数学）,,zx,s,p,gjbzk,2016,,,,
04,教育学,0451,教育,045105,学科教学（物理）,,zx,s,p,gjbzk,2016,,,,
04,教育学,0451,教育,045106,学科教学（化学）,,zx,s,p,gjbzk,2016,,,,
04,教育学,0451,教育,045107,学科教学（生物）,,zx,s,p,gjbzk,2016,,,,
04,教育学,0451,教育,045108,学科教学（英语）,,zx,s,p,gjbzk,2016,,,,
04,教育学,0451,教育,045109,学科教学（历史）,,zx,s,p,gjbzk,2016,,,,
04,教育学,0451,教育,045110,学科教学（地理）,,zx,s,p,gjbzk,2016,,,,
04,教育学,0451,教育,045111,学科教学（音乐）,,zx,s,p,gjbzk,2016,,,,
04,教育学,0451,教育,045112,学科教学（体育）,,zx,s,p,gjbzk,2016,,,,
04,教育学,0451,教育,045113,学科教学（美术）,,zx,s,p,gjbzk,2016,,,,
04,教育学,0451,教育,045114,现代教育技术,,zx,s,p,gjbzk,2016,,,,
04,教育学,0451,教育,045115,小学教育,,zx,s,p,gjbzk,2016,,,,
04,教育学,0451,教育,045116,心理健康教育,,zx,s,p,gjbzk,2016,,,,
04,教育学,0451,教育,045117,科学与技术教育,,zx,s,p,gjbzk,2016,,,,
04,教育学,0451,教育,045118,学前教育,,zx,s,p,gjbzk,2016,,,,
04,教育学,0451,教育,045119,特殊教育,,zx,s,p,gjbzk,2016,,,,
04,教育学,0451,教育,045120,职业技术教育,,zx,s,p,gjbzk,2016,,,,
04,教育学,0451,教育,045171,学校课程与教学,,zx,b,p,gjbzk,2016,,,,
04,教育学,0451,教育,045172,学生发展与教育,,zx,b,p,gjbzk,2016,,,,
04,教育学,0451,教育,045173,教育领导与管理,,zx,b,p,gjbzk,2016,,,,
04,教育学,0452,体育,045200,体育,,zx,s,t,gjbzk,2016,,,,
04,教育学,0452,体育,045201,体育教学,,zx,s,t,gjbzk,2016,,,,
04,教育学,0452,体育,045202,运动训练,,zx,s,t,gjbzk,2016,,,,
04,教育学,0452,体育,045203,竞赛组织,,zx,s,t,gjbzk,2016,,,,
04,教育学,0452,体育,045204,社会体育指导,,zx,s,t,gjbzk,2016,,,,
04,教育学,0453,汉语国际教育,045300,汉语国际教育,,zx,s,p,gjbzk,2016,,,,
04,教育学,0454,应用心理,045400,应用心理,,zx,s,p,gjbzk,2016,,,,
04,教育学,0471,,047101,教育经济与管理,120403,xs,a,p,gjbzk,2016,,,,
05,文学,0501,中国语言文学,050100,中国语言文学,,xs,a,p,gjbzk,2016,,,,
05,文学,0501,中国语言文学,050101,文艺学,,xs,a,p,gjbzk,2016,,,,
05,文学,0501,中国语言文学,050102,语言学及应用语言学,,xs,a,p,gjbzk,2016,,,,
05,文学,0501,中国语言文学,050103,汉语言文字学,,xs,a,p,gjbzk,2016,,,,
05,文学,0501,中国语言文学,050104,中国古典文献学,,xs,a,p,gjbzk,2016,,,,
05,文学,0501,中国语言文学,050105,中国古代文学,,xs,a,p,gjbzk,2016,,,,
05,文学,0501,中国语言文学,050106,中国现当代文学,,xs,a,p,gjbzk,2016,,,,
05,文学,0501,中国语言文学,050107,中国少数民族语言文学,,xs,a,p,gjbzk,2016,,,,
05,文学,0501,中国语言文学,050108,比较文学与世界文学,,xs,a,p,gjbzk,2016,,,,
05,文学,0501,中国语言文学,050120,中国各体文学理论,,xs,,,xxzs,2016,,,,
05,文学,0501,中国语言文学,050121,对外汉语教学,,xs,,,xxzs,2016,,,,
05,文学,0501,中国语言文学,050122,文艺民俗学,,xs,,,xxzs,2016,,,,
05,文学,0501,中国语言文学,050123,文学与传媒,,xs,,,xxzs,2016,,,,
05,文学,0501,中国语言文学,050124,艺术语言学,,xs,,,xxzs,2016,,,,
05,文学,0501,中国语言文学,0501Z1,国际汉语教育,,xs,,,xxzs,2016,,,,
05,文学,0502,外国语言文学,050200,外国语言文学,,xs,a,p,gjbzk,2016,,,,
05,文学,0502,外国语言文学,050201,英语语言文学,,xs,a,p,gjbzk,2016,,,,
05,文学,0502,外国语言文学,050202,俄语语言文学,,xs,a,p,gjbzk,2016,,,,
05,文学,0502,外国语言文学,050203,法语语言文学,,xs,a,p,gjbzk,2016,,,,
05,文学,0502,外国语言文学,050204,德语语言文学,,xs,a,p,gjbzk,2016,,,,
05,文学,0502,外国语言文学,050205,日语语言文学,,xs,a,p,gjbzk,2016,,,,
05,文学,0502,外国语言文学,050206,印度语言文学,,xs,a,p,gjbzk,2016,,,,
05,文学,0502,外国语言文学,050207,西班牙语语言文学,,xs,a,p,gjbzk,2016,,,,
05,文学,0502,外国语言文学,050208,阿拉伯语语言文学,,xs,a,p,gjbzk,2016,,,,
05,文学,0502,外国语言文学,050209,欧洲语言文学,,xs,a,p,gjbzk,2016,,,,
05,文学,0502,外国语言文学,050210,亚非语言文学,,xs,a,p,gjbzk,2016,,,,
05,文学,0502,外国语言文学,050211,外国语言学及应用语言学,,xs,a,p,gjbzk,2016,,,,
05,文学,0503,新闻传播学,050300,新闻传播学,,xs,a,p,gjbzk,2016,,,,
05,文学,0503,新闻传播学,050301,新闻学,,xs,a,p,gjbzk,2016,,,,
05,文学,0503,新闻传播学,050302,传播学,,xs,a,p,gjbzk,2016,,,,
05,文学,0551,翻译,055100,翻译,,zx,s,p,gjbzk,2016,,,,
05,文学,0551,翻译,055101,英语笔译,,zx,s,p,gjbzk,2016,,,,
05,文学,0551,翻译,055102,英语口译,,zx,s,p,gjbzk,2016,,,,
05,文学,0551,翻译,055103,俄语笔译,,zx,s,p,gjbzk,2016,,,,
05,文学,0551,翻译,055104,俄语口译,,zx,s,p,gjbzk,2016,,,,
05,文学,0551,翻译,055105,日语笔译,,zx,s,p,gjbzk,2016,,,,
05,文学,0551,翻译,055106,日语口译,,zx,s,p,gjbzk,2016,,,,
05,文学,0551,翻译,055107,法语笔译,,zx,s,p,gjbzk,2016,,,,
05,文学,0551,翻译,055108,法语口译,,zx,s,p,gjbzk,2016,,,,
05,文学,0551,翻译,055109,德语笔译,,zx,s,p,gjbzk,2016,,,,
05,文学,0551,翻译,055110,德语口译,,zx,s,p,gjbzk,2016,,,,
05,文学,0551,翻译,055111,朝鲜语笔译,,zx,s,p,gjbzk,2016,,,,
05,文学,0551,翻译,055112,朝鲜语口译,,zx,s,p,gjbzk,2016,,,,
05,文学,0551,翻译,055113,西班牙语笔译,,zx,s,p,gjbzk,2016,,,,
05,文学,0551,翻译,055114,西班牙语口译,,zx,s,p,gjbzk,2016,,,,
05,文学,0551,翻译,055115,阿拉伯语笔译,,zx,s,p,gjbzk,2016,,,,
05,文学,0551,翻译,055116,阿拉伯语口译,,zx,s,p,gjbzk,2016,,,,
05,文学,0551,翻译,055117,泰语笔译,,zx,s,p,gjbzk,2016,,,,
05,文学,0551,翻译,055118,泰语口译,,zx,s,p,gjbzk,2016,,,,
05,文学,0552,新闻与传播,055200,新闻与传播,,zx,s,p,gjbzk,2016,,,,
05,文学,0553,出版,055300,出版,,zx,s,p,gjbzk,2016,,,,
06,历史学,0601,考古学,060100,考古学,,xs,a,p,gjbzk,2016,,,,
06,历史学,0601,考古学,060120,历史社会学,,xs,,,xxzs,2016,,,,
06,历史学,0601,考古学,060121,国际冷战史,,xs,,,xxzs,2016,,,,
06,历史学,0601,考古学,060122,海外中国学,,xs,,,xxzs,2016,,,,
06,历史学,0601,考古学,0601L1,考古学及博物馆学,,xs,a,p,gjbzk,2016,,,,
06,历史学,0602,中国史,060200,中国史,,xs,a,p,gjbzk,2016,,,,
06,历史学,0602,中国史,0602L1,史学理论及史学史,060201,xs,a,p,gjbzk,2016,,,,
06,历史学,0602,中国史,0602L2,历史文献学（含∶敦煌学、古文字学）,,xs,a,p,gjbzk,2016,,,,
06,历史学,0602,中国史,0602L3,专门史,,xs,a,p,gjbzk,2016,,,,
06,历史学,0602,中国史,0602L4,中国古代史,,xs,a,p,gjbzk,2016,,,,
06,历史学,0602,中国史,0602L5,中国近现代史,,xs,a,p,gjbzk,2016,,,,
06,历史学,0602,中国史,0602L6,历史地理学,,xs,a,p,gjbzk,2016,,,,
06,历史学,0603,世界史,060300,世界史,,xs,a,p,gjbzk,2016,,,,
06,历史学,0603,世界史,0603L1,世界史,,xs,a,p,gjbzk,2016,,,,
06,历史学,0651,文物与博物馆,065100,文物与博物馆,,zx,s,p,gjbzk,2016,,,,
07,理学,0701,数学,070100,数学,,xs,a,p,gjbzk,2016,,,,
07,理学,0701,数学,070101,基础数学,,xs,a,p,gjbzk,2016,,,,
07,理学,0701,数学,070102,计算数学,,xs,a,p,gjbzk,2016,,,,
07,理学,0701,数学,070103,概率论与数理统计,,xs,a,p,gjbzk,2016,,,,
07,理学,0701,数学,070104,应用数学,,xs,a,p,gjbzk,2016,,,,
07,理学,0701,数学,070105,运筹学与控制论,,xs,a,p,gjbzk,2016,,,,
07,理学,0702,物理学,070200,物理学,,xs,a,p,gjbzk,2016,,,,
07,理学,0702,物理学,070201,理论物理,,xs,a,p,gjbzk,2016,,,,
07,理学,0702,物理学,070202,粒子物理与原子核物理,,xs,a,p,gjbzk,2016,,,,
07,理学,0702,物理学,070203,原子与分子物理,,xs,a,p,gjbzk,2016,,,,
07,理学,0702,物理学,070204,等离子体物理,,xs,a,p,gjbzk,2016,,,,
07,理学,0702,物理学,070205,凝聚态物理,,xs,a,p,gjbzk,2016,,,,
07,理学,0702,物理学,070206,声学,,xs,a,p,gjbzk,2016,,,,
07,理学,0702,物理学,070207,光学,,xs,a,p,gjbzk,2016,,,,
07,理学,0702,物理学,070208,无线电物理,,xs,a,p,gjbzk,2016,,,,
07,理学,0702,物理学,070220,纳米物理学,,xs,,,xxzs,2016,,,,
07,理学,0702,物理学,0702J1,材料与光电子,,xs,,,xxzs,2016,,,,
07,理学,0703,化学,070300,化学,,xs,a,p,gjbzk,2016,,,,
07,理学,0703,化学,070301,无机化学,,xs,a,p,gjbzk,2016,,,,
07,理学,0703,化学,070302,分析化学,,xs,a,p,gjbzk,2016,,,,
07,理学,0703,化学,070303,有机化学,,xs,a,p,gjbzk,2016,,,,
07,理学,0703,化学,070304,物理化学,,xs,a,p,gjbzk,2016,,,,
07,理学,0703,化学,070305,高分子化学与物理,,xs,a,p,gjbzk,2016,,,,
07,理学,0704,天文学,070400,天文学,,xs,a,p,gjbzk,2016,,,,
07,理学,0704,天文学,070401,天体物理,,xs,a,p,gjbzk,2016,,,,
07,理学,0704,天文学,070402,天体测量与天体力学,,xs,a,p,gjbzk,2016,,,,
07,理学,0705,地理学,070500,地理学,,xs,a,p,gjbzk,2016,,,,
07,理学,0705,地理学,070501,自然地理学,,xs,a,p,gjbzk,2016,,,,
07,理学,0705,地理学,070502,人文地理学,,xs,a,p,gjbzk,2016,,,,
07,理学,0705,地理学,070503,地图学与地理信息系统,,xs,a,p,gjbzk,2016,,,,
07,理学,0705,地理学,0705Z1,河口海岸学,,xs,,,xxzs,2016,,,,
07,理学,0706,大气科学,070600,大气科学,,xs,a,p,gjbzk,2016,,,,
07,理学,0706,大气科学,070601,气象学,,xs,a,p,gjbzk,2016,,,,
07,理学,0706,大气科学,070602,大气物理学与大气环境,,xs,a,p,gjbzk,2016,,,,
07,理学,0707,海洋科学,070700,海洋科学,,xs,a,p,gjbzk,2016,,,,
07,理学,0707,海洋科学,070701,物理海洋学,,xs,a,p,gjbzk,2016,,,,
07,理学,0707,海洋科学,070702,海洋化学,,xs,a,p,gjbzk,2016,,,,
07,理学,0707,海洋科学,070703,海洋生物学,,xs,a,p,gjbzk,2016,,,,
07,理学,0707,海洋科学,070704,海洋地质,,xs,a,p,gjbzk,2016,,,,
07,理学,0708,地球物理学,070800,地球物理学,,xs,a,p,gjbzk,2016,,,,
07,理学,0708,地球物理学,070801,固体地球物理学,,xs,a,p,gjbzk,2016,,,,
07,理学,0708,地球物理学,070802,空间物理学,,xs,a,p,gjbzk,2016,,,,
07,理学,0709,地质学,070900,地质学,,xs,a,p,gjbzk,2016,,,,
07,理学,0709,地质学,070901,矿物学、岩石学、矿床学,,xs,a,p,gjbzk,2016,,,,
07,理学,0709,地质学,070902,地球化学,,xs,a,p,gjbzk,2016,,,,
07,理学,0709,地质学,070903,古生物学与地层学,,xs,a,p,gjbzk,2016,,,,
07,理学,0709,地质学,070904,构造地质学,,xs,a,p,gjbzk,2016,,,,
07,理学,0709,地质学,070905,第四纪地质学,,xs,a,p,gjbzk,2016,,,,
07,理学,0710,生物学,071000,生物学,,xs,a,p,gjbzk,2016,,,,
07,理学,0710,生物学,071001,植物学,,xs,a,p,gjbzk,2016,,,,
07,理学,0710,生物学,071002,动物学,,xs,a,p,gjbzk,2016,,,,
07,理学,0710,生物学,071003,生理学,,xs,a,p,gjbzk,2016,,,,
07,理学,0710,生物学,071004,水生生物学,,xs,a,p,gjbzk,2016,,,,
07,理学,0710,生物学,071005,微生物学,,xs,a,p,gjbzk,2016,,,,
07,理学,0710,生物学,071006,神经生物学,,xs,a,p,gjbzk,2016,,,,
07,理学,0710,生物学,071007,遗传学,,xs,a,p,gjbzk,2016,,,,
07,理学,0710,生物学,071008,发育生物学,,xs,a,p,gjbzk,2016,,,,
07,理学,0710,生物学,071009,细胞生物学,,xs,a,p,gjbzk,2016,,,,
07,理学,0710,生物学,071010,生物化学与分子生物学,,xs,a,p,gjbzk,2016,,,,
07,理学,0710,生物学,071011,生物物理学,,xs,a,p,gjbzk,2016,,,,
07,理学,0710,生物学,071020,基因组学,,xs,,,xxzs,2016,,,,
07,理学,0710,生物学,071021,生物医学,,xs,,,xxzs,2016,,,,
07,理学,0710,生物学,071023,化学生物学,,xs,,,xxzs,2016,,,,
07,理学,0711,系统科学,071100,系统科学,,xs,a,p,gjbzk,2016,,,,
07,理学,0711,系统科学,071101,系统理论,,xs,a,p,gjbzk,2016,,,,
07,理学,0711,系统科学,071102,系统分析与集成,,xs,a,p,gjbzk,2016,,,,
07,理学,0712,科学技术史,071200,科学技术史,,xs,a,p,gjbzk,2016,,,,
07,理学,0713,生态学,071300,生态学,,xs,a,p,gjbzk,2016,,,,
07,理学,0713,生态学,0713L1,生态学,,xs,a,p,gjbzk,2016,,,,
07,理学,0714,统计学,071400,统计学,,xs,a,p,gjbzk,2016,,,,
07,理学,0771,心理学,077100,心理学,040200,xs,a,p,gjbzk,2016,,,,
07,理学,0771,心理学,077101,基础心理学,040201,xs,a,p,gjbzk,2016,,,,
07,理学,0771,心理学,077102,发展与教育心理学,040202,xs,a,p,gjbzk,2016,,,,
07,理学,0771,心理学,077103,应用心理学,040203,xs,a,p,gjbzk,2016,,,,
07,理学,0771,心理学,0771Z1,认知神经科学,,xs,,,xxzs,2016,,,,
07,理学,0772,力学,077200,力学,080100,xs,a,p,gjbzk,2016,,,,
07,理学,0772,力学,077201,一般力学与力学基础,080101,xs,a,p,gjbzk,2016,,,,
07,理学,0772,力学,077202,固体力学,080102,xs,a,p,gjbzk,2016,,,,
07,理学,0772,力学,077203,流体力学,080103,xs,a,p,gjbzk,2016,,,,
07,理学,0772,力学,077204,工程力学,080104,xs,a,p,gjbzk,2016,,,,
07,理学,0773,材料科学与工程,077300,材料科学与工程,080500,xs,a,p,gjbzk,2016,,,,
07,理学,0773,材料科学与工程,077301,材料物理与化学,080501,xs,a,p,gjbzk,2016,,,,
07,理学,0773,材料科学与工程,077302,材料学,080502,xs,a,p,gjbzk,2016,,,,
07,理学,0773,材料科学与工程,077303,材料加工工程,080503,xs,a,p,gjbzk,2016,,,,
07,理学,0774,电子科学与技术,077400,电子科学与技术,080900,xs,a,p,gjbzk,2016,,,,
07,理学,0774,电子科学与技术,077401,物理电子学,080901,xs,a,p,gjbzk,2016,,,,
07,理学,0774,电子科学与技术,077402,电路与系统,080902,xs,a,p,gjbzk,2016,,,,
07,理学,0774,电子科学与技术,077403,微电子学与固体电子学,080903,xs,a,p,gjbzk,2016,,,,
07,理学,0774,电子科学与技术,077404,电磁场与微波技术,080904,xs,a,p,gjbzk,2016,,,,
07,理学,0775,计算机科学与技术,077500,计算机科学与技术,081200,xs,a,p,gjbzk,2016,,,,
07,理学,0775,计算机科学与技术,077501,计算机系统结构,081201,xs,a,p,gjbzk,2016,,,,
07,理学,0775,计算机科学与技术,077502,计算机软件与理论,081202,xs,a,p,gjbzk,2016,,,,
07,理学,0775,计算机科学与技术,077503,计算机应用技术,081203,xs,a,p,gjbzk,2016,,,,
07,理学,0776,环境科学与工程,077600,环境科学与工程,083000,xs,a,p,gjbzk,2016,,,,
07,理学,0776,环境科学与工程,077601,环境科学,083001,xs,a,p,gjbzk,2016,,,,
07,理学,0776,环境科学与工程,077602,环境工程,083002,xs,a,p,gjbzk,2016,,,,
07,理学,0777,生物医学工程,077700,生物医学工程,083100,xs,a,p,gjbzk,2016,,,,
07,理学,0778,基础医学,077800,基础医学,100100,xs,a,p,gjbzk,2016,,,,
07,理学,0778,基础医学,077801,人体解剖与组织胚胎学,100101,xs,a,p,gjbzk,2016,,,,
07,理学,0778,基础医学,077802,免疫学,100102,xs,a,p,gjbzk,2016,,,,
07,理学,0778,基础医学,077803,病原生物学,100103,xs,a,p,gjbzk,2016,,,,
07,理学,0778,基础医学,077804,病理学与病理生理学,100104,xs,a,p,gjbzk,2016,,,,
07,理学,0778,基础医学,077805,法医学,100105,xs,a,p,gjbzk,2016,,,,
07,理学,0778,基础医学,077806,放射医学,100106,xs,a,p,gjbzk,2016,,,,
07,理学,0779,公共卫生与预防医学,077900,公共卫生与预防医学,100400,xs,a,p,gjbzk,2016,,,,
07,理学,0779,公共卫生与预防医学,077901,流行病与卫生统计学,100401,xs,a,p,gjbzk,2016,,,,
07,理学,0779,公共卫生与预防医学,077902,劳动卫生与环境卫生学,100402,xs,a,p,gjbzk,2016,,,,
07,理学,0779,公共卫生与预防医学,077903,营养与食品卫生学,100403,xs,a,p,gjbzk,2016,,,,
07,理学,0779,公共卫生与预防医学,077904,儿少卫生与妇幼保健学,100404,xs,a,p,gjbzk,2016,,,,
07,理学,0779,公共卫生与预防医学,077905,卫生毒理学,100405,xs,a,p,gjbzk,2016,,,,
07,理学,0779,公共卫生与预防医学,077906,军事预防医学,100406,xs,a,p,gjbzk,2016,,,,
07,理学,0780,药学,078000,药学,100700,xs,a,p,gjbzk,2016,,,,
07,理学,0780,药学,078001,药物化学,100701,xs,a,p,gjbzk,2016,,,,
07,理学,0780,药学,078002,药剂学,100702,xs,a,p,gjbzk,2016,,,,
07,理学,0780,药学,078003,生药学,100703,xs,a,p,gjbzk,2016,,,,
07,理学,0780,药学,078004,药物分析学,100704,xs,a,p,gjbzk,2016,,,,
07,理学,0780,药学,078005,微生物与生化药学,100705,xs,a,p,gjbzk,2016,,,,
07,理学,0780,药学,078006,药理学,100706,xs,a,p,gjbzk,2016,,,,
07,理学,0781,中药学,078100,中药学,100800,xs,a,p,gjbzk,2016,,,,
07,理学,0782,医学技术,078200,医学技术,101000,xs,a,p,gjbzk,2016,,,,
07,理学,0783,护理学,078300,护理学,101100,xs,a,p,gjbzk,2016,,,,
07,理学,0784,,078401,教育技术学,040110,xs,a,p,gjbzk,2016,,,,
07,理学,0785,,078501,运动人体科学,040302,xs,a,p,gjbzk,2016,,,,
07,理学,0786,,078601,农药学,090403,xs,a,p,gjbzk,2016,,,,
08,工学,0801,力学,080100,力学,,xs,a,x,gjbzk,2016,,,,
08,工学,0801,力学,080101,一般力学与力学基础,,xs,a,x,gjbzk,2016,,,,
08,工学,0801,力学,080102,固体力学,,xs,a,x,gjbzk,2016,,,,
08,工学,0801,力学,080103,流体力学,,xs,a,x,gjbzk,2016,,,,
08,工学,0801,力学,080104,工程力学,,xs,a,x,gjbzk,2016,,,,
08,工学,0802,机械工程,080200,机械工程,,xs,a,p,gjbzk,2016,,,,
08,工学,0802,机械工程,080201,机械制造及其自动化,,xs,a,p,gjbzk,2016,,,,
08,工学,0802,机械工程,080202,机械电子工程,,xs,a,p,gjbzk,2016,,,,
08,工学,0802,机械工程,080203,机械设计及理论,,xs,a,p,gjbzk,2016,,,,
08,工学,0802,机械工程,080204,车辆工程,,xs,a,p,gjbzk,2016,,,,
08,工学,0803,光学工程,080300,光学工程,,xs,a,p,gjbzk,2016,,,,
08,工学,0804,仪器科学与技术,080400,仪器科学与技术,,xs,a,p,gjbzk,2016,,,,
08,工学,0804,仪器科学与技术,080401,精密仪器及机械,,xs,a,p,gjbzk,2016,,,,
08,工学,0804,仪器科学与技术,080402,测试计量技术及仪器,,xs,a,p,gjbzk,2016,,,,
08,工学,0805,材料科学与工程,080500,材料科学与工程,,xs,a,p,gjbzk,2016,,,,
08,工学,0805,材料科学与工程,080501,材料物理与化学,,xs,a,p,gjbzk,2016,,,,
08,工学,0805,材料科学与工程,080502,材料学,,xs,a,p,gjbzk,2016,,,,
08,工学,0805,材料科学与工程,080503,材料加工工程,,xs,a,p,gjbzk,2016,,,,
08,工学,0806,冶金工程,080600,冶金工程,,xs,a,x,gjbzk,2016,,,,
08,工学,0806,冶金工程,080601,冶金物理化学,,xs,a,x,gjbzk,2016,,,,
08,工学,0806,冶金工程,080602,钢铁冶金,,xs,a,x,gjbzk,2016,,,,
08,工学,0806,冶金工程,080603,有色金属冶金,,xs,a,x,gjbzk,2016,,,,
08,工学,0807,动力工程及工程热物理,080700,动力工程及工程热物理,,xs,a,x,gjbzk,2016,,,,
08,工学,0807,动力工程及工程热物理,080701,工程热物理,,xs,a,x,gjbzk,2016,,,,
08,工学,0807,动力工程及工程热物理,080702,热能工程,,xs,a,x,gjbzk,2016,,,,
08,工学,0807,动力工程及工程热物理,080703,动力机械及工程,,xs,a,x,gjbzk,2016,,,,
08,工学,0807,动力工程及工程热物理,080704,流体机械及工程,,xs,a,x,gjbzk,2016,,,,
08,工学,0807,动力工程及工程热物理,080705,制冷及低温工程,,xs,a,x,gjbzk,2016,,,,
08,工学,0807,动力工程及工程热物理,080706,化工过程机械,,xs,a,x,gjbzk,2016,,,,
08,工学,0808,电气工程,080800,电气工程,,xs,a,p,gjbzk,2016,,,,
08,工学,0808,电气工程,080801,电机与电器,,xs,a,p,gjbzk,2016,,,,
08,工学,0808,电气工程,080802,电力系统及其自动化,,xs,a,p,gjbzk,2016,,,,
08,工学,0808,电气工程,080803,高电压与绝缘技术,,xs,a,p,gjbzk,2016,,,,
08,工学,0808,电气工程,080804,电力电子与电力传动,,xs,a,p,gjbzk,2016,,,,
08,工学,0808,电气工程,080805,电工理论与新技术,,xs,a,p,gjbzk,2016,,,,
08,工学,0809,电子科学与技术,080900,电子科学与技术,,xs,a,p,gjbzk,2016,,,,
08,工学,0809,电子科学与技术,080901,物理电子学,,xs,a,p,gjbzk,2016,,,,
08,工学,0809,电子科学与技术,080902,电路与系统,,xs,a,p,gjbzk,2016,,,,
08,工学,0809,电子科学与技术,080903,微电子学与固体电子学,,xs,a,p,gjbzk,2016,,,,
08,工学,0809,电子科学与技术,080904,电磁场与微波技术,,xs,a,p,gjbzk,2016,,,,
08,工学,0810,信息与通信工程,081000,信息与通信工程,,xs,a,p,gjbzk,2016,,,,
08,工学,0810,信息与通信工程,081001,通信与信息系统,,xs,a,p,gjbzk,2016,,,,
08,工学,0810,信息与通信工程,081002,信号与信息处理,,xs,a,p,gjbzk,2016,,,,
08,工学,0811,控制科学与工程,081100,控制科学与工程,,xs,a,p,gjbzk,2016,,,,
08,工学,0811,控制科学与工程,081101,控制理论与控制工程,,xs,a,p,gjbzk,2016,,,,
08,工学,0811,控制科学与工程,081102,检测技术与自动化装置,,xs,a,p,gjbzk,2016,,,,
08,工学,0811,控制科学与工程,081103,系统工程,,xs,a,p,gjbzk,2016,,,,
08,工学,0811,控制科学与工程,081104,模式识别与智能系统,,xs,a,p,gjbzk,2016,,,,
08,工学,0811,控制科学与工程,081105,导航、制导与控制,,xs,a,p,gjbzk,2016,,,,
08,工学,0812,计算机科学与技术,081200,计算机科学与技术,,xs,a,p,gjbzk,2016,,,,
08,工学,0812,计算机科学与技术,081201,计算机系统结构,,xs,a,p,gjbzk,2016,,,,
08,工学,0812,计算机科学与技术,081202,计算机软件与理论,,xs,a,p,gjbzk,2016,,,,
08,工学,0812,计算机科学与技术,081203,计算机应用技术,,xs,a,p,gjbzk,2016,,,,
08,工学,0813,建筑学,081300,建筑学,,xs,a,p,gjbzk,2016,,,,
08,工学,0813,建筑学,081301,建筑历史与理论,,xs,a,p,gjbzk,2016,,,,
08,工学,0813,建筑学,081302,建筑设计及其理论,,xs,a,p,gjbzk,2016,,,,
08,工学,0813,建筑学,081304,建筑技术科学,,xs,a,p,gjbzk,2016,,,,
08,工学,0814,土木工程,081400,土木工程,,xs,a,p,gjbzk,2016,,,,
08,工学,0814,土木工程,081401,岩土工程,,xs,a,p,gjbzk,2016,,,,
08,工学,0814,土木工程,081402,结构工程,,xs,a,p,gjbzk,2016,,,,
08,工学,0814,土木工程,081403,市政工程,,xs,a,p,gjbzk,2016,,,,
08,工学,0814,土木工程,081404,供热、供燃气、通风及空调工程,,xs,a,p,gjbzk,2016,,,,
08,工学,0814,土木工程,081405,防灾减灾工程及防护工程,,xs,a,p,gjbzk,2016,,,,
08,工学,0814,土木工程,081406,桥梁与隧道工程,,xs,a,p,gjbzk,2016,,,,
08,工学,0815,水利工程,081500,水利工程,,xs,a,x,gjbzk,2016,,,,
08,工学,0815,水利工程,081501,水文学及水资源,,xs,a,x,gjbzk,2016,,,,
08,工学,0815,水利工程,081502,水力学及河流动力学,,xs,a,x,gjbzk,2016,,,,
08,工学,0815,水利工程,081503,水工结构工程,,xs,a,x,gjbzk,2016,,,,
08,工学,0815,水利工程,081504,水利水电工程,,xs,a,x,gjbzk,2016,,,,
08,工学,0815,水利工程,081505,港口、海岸及近海工程,,xs,a,x,gjbzk,2016,,,,
08,工学,0816,测绘科学与技术,081600,测绘科学与技术,,xs,a,p,gjbzk,2016,,,,
08,工学,0816,测绘科学与技术,081601,大地测量学与测量工程,,xs,a,p,gjbzk,2016,,,,
08,工学,0816,测绘科学与技术,081602,摄影测量与遥感,,xs,a,p,gjbzk,2016,,,,
08,工学,0816,测绘科学与技术,081603,地图制图学与地理信息工程,,xs,a,p,gjbzk,2016,,,,
08,工学,0817,化学工程与技术,081700,化学工程与技术,,xs,a,p,gjbzk,2016,,,,
08,工学,0817,化学工程与技术,081701,化学工程,,xs,a,p,gjbzk,2016,,,,
08,工学,0817,化学工程与技术,081702,化学工艺,,xs,a,p,gjbzk,2016,,,,
08,工学,0817,化学工程与技术,081703,生物化工,,xs,a,p,gjbzk,2016,,,,
08,工学,0817,化学工程与技术,081704,应用化学,,xs,a,p,gjbzk,2016,,,,
08,工学,0817,化学工程与技术,081705,工业催化,,xs,a,p,gjbzk,2016,,,,
08,工学,0818,地质资源与地质工程,081800,地质资源与地质工程,,xs,a,x,gjbzk,2016,,,,
08,工学,0818,地质资源与地质工程,081801,矿产普查与勘探,,xs,a,x,gjbzk,2016,,,,
08,工学,0818,地质资源与地质工程,081802,地球探测与信息技术,,xs,a,x,gjbzk,2016,,,,
08,工学,0818,地质资源与地质工程,081803,地质工程,,xs,a,x,gjbzk,2016,,,,
08,工学,0819,矿业工程,081900,矿业工程,,xs,a,x,gjbzk,2016,,,,
08,工学,0819,矿业工程,081901,采矿工程,,xs,a,x,gjbzk,2016,,,,
08,工学,0819,矿业工程,081902,矿物加工工程,,xs,a,x,gjbzk,2016,,,,
08,工学,0819,矿业工程,081903,安全技术及工程,,xs,a,x,gjbzk,2016,,,,
08,工学,0820,石油与天然气工程,082000,石油与天然气工程,,xs,a,p,gjbzk,2016,,,,
08,工学,0820,石油与天然气工程,082001,油气井工程,,xs,a,p,gjbzk,2016,,,,
08,工学,0820,石油与天然气工程,082002,油气田开发工程,,xs,a,p,gjbzk,2016,,,,
08,工学,0820,石油与天然气工程,082003,油气储运工程,,xs,a,p,gjbzk,2016,,,,
08,工学,0821,纺织科学与工程,082100,纺织科学与工程,,xs,a,p,gjbzk,2016,,,,
08,工学,0821,纺织科学与工程,082101,纺织工程,,xs,a,p,gjbzk,2016,,,,
08,工学,0821,纺织科学与工程,082102,纺织材料与纺织品设计,,xs,a,p,gjbzk,2016,,,,
08,工学,0821,纺织科学与工程,082103,纺织化学与染整工程,,xs,a,p,gjbzk,2016,,,,
08,工学,0821,纺织科学与工程,082104,服装设计与工程,,xs,a,p,gjbzk,2016,,,,
08,工学,0822,轻工技术与工程,082200,轻工技术与工程,,xs,a,p,gjbzk,2016,,,,
08,工学,0822,轻工技术与工程,082201,制浆造纸工程,,xs,a,p,gjbzk,2016,,,,
08,工学,0822,轻工技术与工程,082202,制糖工程,,xs,a,p,gjbzk,2016,,,,
08,工学,0822,轻工技术与工程,082203,发酵工程,,xs,a,p,gjbzk,2016,,,,
08,工学,0822,轻工技术与工程,082204,皮革化学与工程,,xs,a,p,gjbzk,2016,,,,
08,工学,0823,交通运输工程,082300,交通运输工程,,xs,a,p,gjbzk,2016,,,,
08,工学,0823,交通运输工程,082301,道路与铁道工程,,xs,a,p,gjbzk,2016,,,,
08,工学,0823,交通运输工程,082302,交通信息工程及控制,,xs,a,p,gjbzk,2016,,,,
08,工学,0823,交通运输工程,082303,交通运输规划与管理,,xs,a,p,gjbzk,2016,,,,
08,工学,0823,交通运输工程,082304,载运工具运用工程,,xs,a,p,gjbzk,2016,,,,
08,工学,0824,船舶与海洋工程,082400,船舶与海洋工程,,xs,a,x,gjbzk,2016,,,,
08,工学,0824,船舶与海洋工程,082401,船舶与海洋结构物设计制造,,xs,a,x,gjbzk,2016,,,,
08,工学,0824,船舶与海洋工程,082402,轮机工程,,xs,a,x,gjbzk,2016,,,,
08,工学,0824,船舶与海洋工程,082403,水声工程,,xs,a,x,gjbzk,2016,,,,
08,工学,0825,航空宇航科学与技术,082500,航空宇航科学与技术,,xs,a,x,gjbzk,2016,,,,
08,工学,0825,航空宇航科学与技术,082501,飞行器设计,,xs,a,x,gjbzk,2016,,,,
08,工学,0825,航空宇航科学与技术,082502,航空宇航推进理论与工程,,xs,a,x,gjbzk,2016,,,,
08,工学,0825,航空宇航科学与技术,082503,航空宇航制造工程,,xs,a,x,gjbzk,2016,,,,
08,工学,0825,航空宇航科学与技术,082504,人机与环境工程,,xs,a,x,gjbzk,2016,,,,
08,工学,0826,兵器科学与技术,082600,兵器科学与技术,,xs,a,x,gjbzk,2016,,,,
08,工学,0826,兵器科学与技术,082601,武器系统与运用工程,,xs,a,x,gjbzk,2016,,,,
08,工学,0826,兵器科学与技术,082602,兵器发射理论与技术,,xs,a,x,gjbzk,2016,,,,
08,工学,0826,兵器科学与技术,082603,火炮、自动武器与弹药工程,,xs,a,x,gjbzk,2016,,,,
08,工学,0826,兵器科学与技术,082604,军事化学与烟火技术,,xs,a,x,gjbzk,2016,,,,
08,工学,0827,核科学与技术,082700,核科学与技术,,xs,a,x,gjbzk,2016,,,,
08,工学,0827,核科学与技术,082701,核能科学与工程,,xs,a,x,gjbzk,2016,,,,
08,工学,0827,核科学与技术,082702,核燃料循环与材料,,xs,a,x,gjbzk,2016,,,,
08,工学,0827,核科学与技术,082703,核技术及应用,,xs,a,x,gjbzk,2016,,,,
08,工学,0827,核科学与技术,082704,辐射防护及环境保护,,xs,a,x,gjbzk,2016,,,,
08,工学,0828,农业工程,082800,农业工程,,xs,a,x,gjbzk,2016,,,,
08,工学,0828,农业工程,082801,农业机械化工程,,xs,a,x,gjbzk,2016,,,,
08,工学,0828,农业工程,082802,农业水土工程,,xs,a,x,gjbzk,2016,,,,
08,工学,0828,农业工程,082803,农业生物环境与能源工程,,xs,a,x,gjbzk,2016,,,,
08,工学,0828,农业工程,082804,农业电气化与自动化,,xs,a,x,gjbzk,2016,,,,
08,工学,0829,林业工程,082900,林业工程,,xs,a,p,gjbzk,2016,,,,
08,工学,0829,林业工程,082901,森林工程,,xs,a,p,gjbzk,2016,,,,
08,工学,0829,林业工程,082902,木材科学与技术,,xs,a,p,gjbzk,2016,,,,
08,工学,0829,林业工程,082903,林产化学加工工程,,xs,a,p,gjbzk,2016,,,,
08,工学,0830,环境科学与工程,083000,环境科学与工程,,xs,a,p,gjbzk,2016,,,,
08,工学,0830,环境科学与工程,083001,环境科学,,xs,a,p,gjbzk,2016,,,,
08,工学,0830,环境科学与工程,083002,环境工程,,xs,a,p,gjbzk,2016,,,,
08,工学,0831,生物医学工程,083100,生物医学工程,,xs,a,p,gjbzk,2016,,,,
08,工学,0832,食品科学与工程,083200,食品科学与工程,,xs,a,p,gjbzk,2016,,,,
08,工学,0832,食品科学与工程,083201,食品科学,,xs,a,p,gjbzk,2016,,,,
08,工学,0832,食品科学与工程,083202,粮食、油脂及植物蛋白工程,,xs,a,p,gjbzk,2016,,,,
08,工学,0832,食品科学与工程,083203,农产品加工及贮藏工程,,xs,a,p,gjbzk,2016,,,,
08,工学,0832,食品科学与工程,083204,水产品加工及贮藏工程,,xs,a,p,gjbzk,2016,,,,
08,工学,0833,城乡规划学,083300,城乡规划学,,xs,a,p,gjbzk,2016,,,,
08,工学,0833,城乡规划学,0833L1,城市规划与设计（含∶风景园林规划与设计）,,xs,a,p,gjbzk,2016,,,,
08,工学,0834,风景园林学,083400,风景园林学,,xs,a,p,gjbzk,2016,,,,
08,工学,0835,软件工程,083500,软件工程,,xs,a,p,gjbzk,2016,,,,
08,工学,0836,生物工程,083600,生物工程,,xs,a,p,gjbzk,2016,,,,
08,工学,0837,安全科学与工程,083700,安全科学与工程,,xs,a,p,gjbzk,2016,,,,
08,工学,0838,公安技术,083800,公安技术,,xs,a,p,gjbzk,2016,,,,
08,工学,0839,网络空间安全,083900,网络空间安全,,xs,a,p,gjbzk,2016,,,,
08,建筑学,0851,建筑学,085100,建筑学,,zx,s,p,gjbzk,2016,,,,
08,工程,0852,工程,085200,工程,,zx,s,p,gjbzk,2016,,,,
08,工程,0852,工程,085201,机械工程,,zx,s,p,gjbzk,2016,,,,
08,工程,0852,工程,085202,光学工程,,zx,s,p,gjbzk,2016,,,,
08,工程,0852,工程,085203,仪器仪表工程,,zx,s,p,gjbzk,2016,,,,
08,工程,0852,工程,085204,材料工程,,zx,s,p,gjbzk,2016,,,,
08,工程,0852,工程,085205,冶金工程,,zx,s,x,gjbzk,2016,,,,
08,工程,0852,工程,085206,动力工程,,zx,s,x,gjbzk,2016,,,,
08,工程,0852,工程,085207,电气工程,,zx,s,p,gjbzk,2016,,,,
08,工程,0852,工程,085208,电子与通信工程,,zx,s,p,gjbzk,2016,,,,
08,工程,0852,工程,085209,集成电路工程,,zx,s,p,gjbzk,2016,,,,
08,工程,0852,工程,085210,控制工程,,zx,s,p,gjbzk,2016,,,,
08,工程,0852,工程,085211,计算机技术,,zx,s,p,gjbzk,2016,,,,
08,工程,0852,工程,085212,软件工程,,zx,s,p,gjbzk,2016,,,,
08,工程,0852,工程,085213,建筑与土木工程,,zx,s,p,gjbzk,2016,,,,
08,工程,0852,工程,085214,水利工程,,zx,s,x,gjbzk,2016,,,,
08,工程,0852,工程,085215,测绘工程,,zx,s,p,gjbzk,2016,,,,
08,工程,0852,工程,085216,化学工程,,zx,s,p,gjbzk,2016,,,,
08,工程,0852,工程,085217,地质工程,,zx,s,x,gjbzk,2016,,,,
08,工程,0852,工程,085218,矿业工程,,zx,s,x,gjbzk,2016,,,,
08,工程,0852,工程,085219,石油与天然气工程,,zx,s,p,gjbzk,2016,,,,
08,工程,0852,工程,085220,纺织工程,,zx,s,p,gjbzk,2016,,,,
08,工程,0852,工程,085221,轻工技术与工程,,zx,s,p,gjbzk,2016,,,,
08,工程,0852,工程,085222,交通运输工程,,zx,s,p,gjbzk,2016,,,,
08,工程,0852,工程,085223,船舶与海洋工程,,zx,s,x,gjbzk,2016,,,,
08,工程,0852,工程,085224,安全工程,,zx,s,x,gjbzk,2016,,,,
08,工程,0852,工程,085225,兵器工程,,zx,s,x,gjbzk,2016,,,,
08,工程,0852,工程,085226,核能与核技术工程,,zx,s,x,gjbzk,2016,,,,
08,工程,0852,工程,085227,农业工程,,zx,s,x,gjbzk,2016,,,,
08,工程,0852,工程,085228,林业工程,,zx,s,x,gjbzk,2016,,,,
08,工程,0852,工程,085229,环境工程,,zx,s,p,gjbzk,2016,,,,
08,工程,0852,工程,085230,生物医学工程,,zx,s,p,gjbzk,2016,,,,
08,工程,0852,工程,085231,食品工程,,zx,s,p,gjbzk,2016,,,,
08,工程,0852,工程,085232,航空工程,,zx,s,x,gjbzk,2016,,,,
08,工程,0852,工程,085233,航天工程,,zx,s,x,gjbzk,2016,,,,
08,工程,0852,工程,085234,车辆工程,,zx,s,p,gjbzk,2016,,,,
08,工程,0852,工程,085235,制药工程,,zx,s,p,gjbzk,2016,,,,
08,工程,0852,工程,085236,工业工程,,zx,s,p,gjbzk,2016,,,,
08,工程,0852,工程,085237,工业设计工程,,zx,s,p,gjbzk,2016,,,,
08,工程,0852,工程,085238,生物工程,,zx,s,p,gjbzk,2016,,,,
08,工程,0852,工程,085239,项目管理,,zx,s,p,gjbzk,2016,,,,
08,工程,0852,工程,085240,物流工程,,zx,s,p,gjbzk,2016,,,,
08,工程,0852,工程,085271,电子与信息,,zx,b,p,gjbzk,2016,,,,
08,工程,0852,工程,085272,先进制造,,zx,b,p,gjbzk,2016,,,,
08,工程,0852,工程,085273,生物与医药,,zx,b,p,gjbzk,2016,,,,
08,工程,0852,工程,085274,能源与环保,,zx,b,p,gjbzk,2016,,,,
08,城市规划,0853,城市规划,085300,城市规划,,zx,s,p,gjbzk,2016,,,,
08,工学,0870,科学技术史,087000,科学技术史,071200,xs,a,p,gjbzk,2016,,,,
08,工学,0871,管理科学与工程,087100,管理科学与工程,120100,xs,a,p,gjbzk,2016,,,,
08,工学,0872,设计学,087200,设计学,130500,xs,a,p,gjbzk,2016,,,,
09,农学,0901,作物学,090100,作物学,,xs,a,p,gjbzk,2016,,,,
09,农学,0901,作物学,090101,作物栽培学与耕作学,,xs,a,p,gjbzk,2016,,,,
09,农学,0901,作物学,090102,作物遗传育种,,xs,a,p,gjbzk,2016,,,,
09,农学,0902,园艺学,090200,园艺学,,xs,a,p,gjbzk,2016,,,,
09,农学,0902,园艺学,090201,果树学,,xs,a,p,gjbzk,2016,,,,
09,农学,0902,园艺学,090202,蔬菜学,,xs,a,p,gjbzk,2016,,,,
09,农学,0902,园艺学,090203,茶学,,xs,a,p,gjbzk,2016,,,,
09,农学,0903,农业资源与环境,090300,农业资源与环境,,xs,a,p,gjbzk,2016,,,,
09,农学,0903,农业资源与环境,090301,土壤学,,xs,a,p,gjbzk,2016,,,,
09,农学,0903,农业资源与环境,090302,植物营养学,,xs,a,p,gjbzk,2016,,,,
09,农学,0904,植物保护,090400,植物保护,,xs,a,p,gjbzk,2016,,,,
09,农学,0904,植物保护,090401,植物病理学,,xs,a,p,gjbzk,2016,,,,
09,农学,0904,植物保护,090402,农业昆虫与害虫防治,,xs,a,p,gjbzk,2016,,,,
09,农学,0904,植物保护,090403,农药学,,xs,a,p,gjbzk,2016,,,,
09,农学,0905,畜牧学,090500,畜牧学,,xs,a,p,gjbzk,2016,,,,
09,农学,0905,畜牧学,090501,动物遗传育种与繁殖,,xs,a,p,gjbzk,2016,,,,
09,农学,0905,畜牧学,090502,动物营养与饲料科学,,xs,a,p,gjbzk,2016,,,,
09,农学,0905,畜牧学,090504,特种经济动物饲养,,xs,a,p,gjbzk,2016,,,,
09,农学,0906,兽医学,090600,兽医学,,xs,a,p,gjbzk,2016,,,,
09,农学,0906,兽医学,090601,基础兽医学,,xs,a,p,gjbzk,2016,,,,
09,农学,0906,兽医学,090602,预防兽医学,,xs,a,p,gjbzk,2016,,,,
09,农学,0906,兽医学,090603,临床兽医学,,xs,a,p,gjbzk,2016,,,,
09,农学,0907,林学,090700,林学,,xs,a,p,gjbzk,2016,,,,
09,农学,0907,林学,090701,林木遗传育种,,xs,a,p,gjbzk,2016,,,,
09,农学,0907,林学,090702,森林培育,,xs,a,p,gjbzk,2016,,,,
09,农学,0907,林学,090703,森林保护学,,xs,a,p,gjbzk,2016,,,,
09,农学,0907,林学,090704,森林经理学,,xs,a,p,gjbzk,2016,,,,
09,农学,0907,林学,090705,野生动植物保护与利用,,xs,a,p,gjbzk,2016,,,,
09,农学,0907,林学,090706,园林植物与观赏园艺,,xs,a,p,gjbzk,2016,,,,
09,农学,0907,林学,090707,水土保持与荒漠化防治,,xs,a,p,gjbzk,2016,,,,
09,农学,0908,水产,090800,水产,,xs,a,p,gjbzk,2016,,,,
09,农学,0908,水产,090801,水产养殖,,xs,a,p,gjbzk,2016,,,,
09,农学,0908,水产,090802,捕捞学,,xs,a,p,gjbzk,2016,,,,
09,农学,0908,水产,090803,渔业资源,,xs,a,p,gjbzk,2016,,,,
09,农学,0909,草学,090900,草学,,xs,a,p,gjbzk,2016,,,,
09,农业,0951,农业,095100,农业,,zx,s,p,gjbzk,2016,,,,
09,农业,0951,农业,095101,作物,,zx,s,p,gjbzk,2016,,,,
09,农业,0951,农业,095102,园艺,,zx,s,p,gjbzk,2016,,,,
09,农业,0951,农业,095103,农业资源利用,,zx,s,p,gjbzk,2016,,,,
09,农业,0951,农业,095104,植物保护,,zx,s,p,gjbzk,2016,,,,
09,农业,0951,农业,095105,养殖,,zx,s,p,gjbzk,2016,,,,
09,农业,0951,农业,095106,草业,,zx,s,p,gjbzk,2016,,,,
09,农业,0951,农业,095107,林业［设林业（0954）的单位不在此领域招生］,,zx,s,p,gjbzk,2016,,,,
09,农业,0951,农业,095108,渔业,,zx,s,p,gjbzk,2016,,,,
09,农业,0951,农业,095109,农业机械化,,zx,s,p,gjbzk,2016,,,,
09,农业,0951,农业,095110,农村与区域发展,,zx,s,p,gjbzk,2016,,,,
09,农业,0951,农业,095111,农业科技组织与服务,,zx,s,p,gjbzk,2016,,,,
09,农业,0951,农业,095112,农业信息化,,zx,s,p,gjbzk,2016,,,,
09,农业,0951,农业,095113,食品加工与安全,,zx,s,p,gjbzk,2016,,,,
09,农业,0951,农业,095114,设施农业,,zx,s,p,gjbzk,2016,,,,
09,农业,0951,农业,095115,种业,,zx,s,p,gjbzk,2016,,,,
09,兽医,0952,兽医,095200,兽医,,zx,a,p,gjbzk,2016,,,,
09,风景园林,0953,风景园林,095300,风景园林,,zx,s,p,gjbzk,2016,,,,
09,林业,0954,林业,095400,林业,,zx,s,p,gjbzk,2016,,,,
09,农学,0970,科学技术史,097000,科学技术史,071200,xs,a,p,gjbzk,2016,,,,
09,农学,0971,环境科学与工程,097100,环境科学与工程,083000,xs,a,p,gjbzk,2016,,,,
09,农学,0971,环境科学与工程,097101,环境科学,083001,xs,a,p,gjbzk,2016,,,,
09,农学,0971,环境科学与工程,097102,环境工程,083002,xs,a,p,gjbzk,2016,,,,
09,农学,0972,食品科学与工程,097200,食品科学与工程,083200,xs,a,p,gjbzk,2016,,,,
09,农学,0972,食品科学与工程,097201,食品科学,083201,xs,a,p,gjbzk,2016,,,,
09,农学,0972,食品科学与工程,097202,粮食、油脂及植物蛋白工程,083202,xs,a,p,gjbzk,2016,,,,
09,农学,0972,食品科学与工程,097203,农产品加工及贮藏工程,083203,xs,a,p,gjbzk,2016,,,,
09,农学,0972,食品科学与工程,097204,水产品加工及贮藏工程,083204,xs,a,p,gjbzk,2016,,,,
09,农学,0973,风景园林学,097300,风景园林学,083400,xs,a,p,gjbzk,2016,,,,
10,医学,1001,基础医学,100100,基础医学,,xs,a,p,gjbzk,2016,,,,
10,医学,1001,基础医学,100101,人体解剖与组织胚胎学,,xs,a,p,gjbzk,2016,,,,
10,医学,1001,基础医学,100102,免疫学,,xs,a,p,gjbzk,2016,,,,
10,医学,1001,基础医学,100103,病原生物学,,xs,a,p,gjbzk,2016,,,,
10,医学,1001,基础医学,100104,病理学与病理生理学,,xs,a,p,gjbzk,2016,,,,
10,医学,1001,基础医学,100105,法医学,,xs,a,p,gjbzk,2016,,,,
10,医学,1001,基础医学,100106,放射医学,,xs,a,p,gjbzk,2016,,,,
10,医学,1002,临床医学,100200,临床医学,,xs,a,p,gjbzk,2016,,,,
10,医学,1002,临床医学,100201,内科学,,xs,a,p,gjbzk,2016,,,,
10,医学,1002,临床医学,100202,儿科学,,xs,a,p,gjbzk,2016,,,,
10,医学,1002,临床医学,100203,老年医学,,xs,a,p,gjbzk,2016,,,,
10,医学,1002,临床医学,100204,神经病学,,xs,a,p,gjbzk,2016,,,,
10,医学,1002,临床医学,100205,精神病与精神卫生学,,xs,a,p,gjbzk,2016,,,,
10,医学,1002,临床医学,100206,皮肤病与性病学,,xs,a,p,gjbzk,2016,,,,
10,医学,1002,临床医学,100207,影像医学与核医学,,xs,a,p,gjbzk,2016,,,,
10,医学,1002,临床医学,100208,临床检验诊断学,,xs,a,p,gjbzk,2016,,,,
10,医学,1002,临床医学,100210,外科学,,xs,a,p,gjbzk,2016,,,,
10,医学,1002,临床医学,100211,妇产科学,,xs,a,p,gjbzk,2016,,,,
10,医学,1002,临床医学,100212,眼科学,,xs,a,p,gjbzk,2016,,,,
10,医学,1002,临床医学,100213,耳鼻咽喉科学,,xs,a,p,gjbzk,2016,,,,
10,医学,1002,临床医学,100214,肿瘤学,,xs,a,p,gjbzk,2016,,,,
10,医学,1002,临床医学,100215,康复医学与理疗学,,xs,a,p,gjbzk,2016,,,,
10,医学,1002,临床医学,100216,运动医学,,xs,a,p,gjbzk,2016,,,,
10,医学,1002,临床医学,100217,麻醉学,,xs,a,p,gjbzk,2016,,,,
10,医学,1002,临床医学,100218,急诊医学,,xs,a,p,gjbzk,2016,,,,
10,医学,1003,口腔医学,100300,口腔医学,,xs,a,p,gjbzk,2016,,,,
10,医学,1003,口腔医学,100301,口腔基础医学,,xs,a,p,gjbzk,2016,,,,
10,医学,1003,口腔医学,100302,口腔临床医学,,xs,a,p,gjbzk,2016,,,,
10,医学,1004,公共卫生与预防医学,100400,公共卫生与预防医学,,xs,a,p,gjbzk,2016,,,,
10,医学,1004,公共卫生与预防医学,100401,流行病与卫生统计学,,xs,a,p,gjbzk,2016,,,,
10,医学,1004,公共卫生与预防医学,100402,劳动卫生与环境卫生学,,xs,a,p,gjbzk,2016,,,,
10,医学,1004,公共卫生与预防医学,100403,营养与食品卫生学,,xs,a,p,gjbzk,2016,,,,
10,医学,1004,公共卫生与预防医学,100404,儿少卫生与妇幼保健学,,xs,a,p,gjbzk,2016,,,,
10,医学,1004,公共卫生与预防医学,100405,卫生毒理学,,xs,a,p,gjbzk,2016,,,,
10,医学,1004,公共卫生与预防医学,100406,军事预防医学,,xs,a,p,gjbzk,2016,,,,
10,医学,1005,中医学,100500,中医学,,xs,a,z,gjbzk,2016,,,,
10,医学,1005,中医学,100501,中医基础理论,,xs,a,z,gjbzk,2016,,,,
10,医学,1005,中医学,100502,中医临床基础,,xs,a,z,gjbzk,2016,,,,
10,医学,1005,中医学,100503,中医医史文献,,xs,a,z,gjbzk,2016,,,,
10,医学,1005,中医学,100504,方剂学,,xs,a,z,gjbzk,2016,,,,
10,医学,1005,中医学,100505,中医诊断学,,xs,a,z,gjbzk,2016,,,,
10,医学,1005,中医学,100506,中医内科学,,xs,a,z,gjbzk,2016,,,,
10,医学,1005,中医学,100507,中医外科学,,xs,a,z,gjbzk,2016,,,,
10,医学,1005,中医学,100508,中医骨伤科学,,xs,a,z,gjbzk,2016,,,,
10,医学,1005,中医学,100509,中医妇科学,,xs,a,z,gjbzk,2016,,,,
10,医学,1005,中医学,100510,中医儿科学,,xs,a,z,gjbzk,2016,,,,
10,医学,1005,中医学,100511,中医五官科学,,xs,a,z,gjbzk,2016,,,,
10,医学,1005,中医学,100512,针灸推拿学,,xs,a,z,gjbzk,2016,,,,
10,医学,1005,中医学,100513,民族医学（含：藏医学、蒙医学等）,,xs,a,z,gjbzk,2016,,,,
10,医学,1006,中西医结合,100600,中西医结合,,xs,a,z,gjbzk,2016,,,,
10,医学,1006,中西医结合,100601,中西医结合基础,,xs,a,z,gjbzk,2016,,,,
10,医学,1006,中西医结合,100602,中西医结合临床,,xs,a,z,gjbzk,2016,,,,
10,医学,1007,药学,100700,药学,,xs,a,p,gjbzk,2016,,,,
10,医学,1007,药学,100701,药物化学,,xs,a,p,gjbzk,2016,,,,
10,医学,1007,药学,100702,药剂学,,xs,a,p,gjbzk,2016,,,,
10,医学,1007,药学,100703,生药学,,xs,a,p,gjbzk,2016,,,,
10,医学,1007,药学,100704,药物分析学,,xs,a,p,gjbzk,2016,,,,
10,医学,1007,药学,100705,微生物与生化药学,,xs,a,p,gjbzk,2016,,,,
10,医学,1007,药学,100706,药理学,,xs,a,p,gjbzk,2016,,,,
10,医学,1008,中药学,100800,中药学,,xs,a,p,gjbzk,2016,,,,
10,医学,1009,特种医学,100900,特种医学,,xs,a,p,gjbzk,2016,,,,
10,医学,1009,特种医学,1009L1,航空、航天与航海医学,,xs,a,p,gjbzk,2016,,,,
10,医学,1010,医学技术,101000,医学技术,,xs,a,p,gjbzk,2016,,,,
10,医学,1011,护理学,101100,护理学,,xs,a,p,gjbzk,2016,,,,
10,医学,1011,护理学,1011L1,护理学,,xs,a,p,gjbzk,2016,,,,
10,临床医学,1051,临床医学,105100,临床医学,,zx,a,p,gjbzk,2016,,,,
10,临床医学,1051,临床医学,105101,内科学,,zx,a,p,gjbzk,2016,,,,
10,临床医学,1051,临床医学,105102,儿科学,,zx,a,p,gjbzk,2016,,,,
10,临床医学,1051,临床医学,105103,老年医学,,zx,a,p,gjbzk,2016,,,,
10,临床医学,1051,临床医学,105104,神经病学,,zx,a,p,gjbzk,2016,,,,
10,临床医学,1051,临床医学,105105,精神病与精神卫生学,,zx,a,p,gjbzk,2016,,,,
10,临床医学,1051,临床医学,105106,皮肤病与性病学,,zx,a,p,gjbzk,2016,,,,
10,临床医学,1051,临床医学,105107,影像医学与核医学,,zx,a,p,gjbzk,2016,,,,
10,临床医学,1051,临床医学,105108,临床检验诊断学,,zx,a,p,gjbzk,2016,,,,
10,临床医学,1051,临床医学,105109,外科学,,zx,a,p,gjbzk,2016,,,,
10,临床医学,1051,临床医学,105110,妇产科学,,zx,a,p,gjbzk,2016,,,,
10,临床医学,1051,临床医学,105111,眼科学,,zx,a,p,gjbzk,2016,,,,
10,临床医学,1051,临床医学,105112,耳鼻咽喉科学,,zx,a,p,gjbzk,2016,,,,
10,临床医学,1051,临床医学,105113,肿瘤学,,zx,a,p,gjbzk,2016,,,,
10,临床医学,1051,临床医学,105114,康复医学与理疗学,,zx,a,p,gjbzk,2016,,,,
10,临床医学,1051,临床医学,105115,运动医学,,zx,a,p,gjbzk,2016,,,,
10,临床医学,1051,临床医学,105116,麻醉学,,zx,a,p,gjbzk,2016,,,,
10,临床医学,1051,临床医学,105117,急诊医学,,zx,a,p,gjbzk,2016,,,,
10,临床医学,1051,临床医学,105127,全科医学（不授博士学位）,,zx,s,p,gjbzk,2016,,,,
10,临床医学,1051,临床医学,105128,临床病理学（不授博士学位）,,zx,s,p,gjbzk,2016,,,,
10,口腔医学,1052,口腔医学,105200,口腔医学,,zx,a,p,gjbzk,2016,,,,
10,公共卫生,1053,公共卫生,105300,公共卫生,,zx,s,p,gjbzk,2016,,,,
10,护理,1054,护理,105400,护理,,zx,s,p,gjbzk,2016,,,,
10,药学,1055,药学,105500,药学,,zx,s,p,gjbzk,2016,,,,
10,中药学,1056,中药学,105600,中药学,,zx,s,p,gjbzk,2016,,,,
10,中医,1057,中医,105700,中医,,zx,a,z,gjbzk,2016,,,,
10,中医,1057,中医,105701,中医内科学,,zx,a,z,gjbzk,2016,,,,
10,中医,1057,中医,105702,中医外科学,,zx,a,z,gjbzk,2016,,,,
10,中医,1057,中医,105703,中医骨伤科学,,zx,a,z,gjbzk,2016,,,,
10,中医,1057,中医,105704,中医妇科学,,zx,a,z,gjbzk,2016,,,,
10,中医,1057,中医,105705,中医儿科学,,zx,a,z,gjbzk,2016,,,,
10,中医,1057,中医,105706,中医五官科学,,zx,a,z,gjbzk,2016,,,,
10,中医,1057,中医,105707,针灸推拿学,,zx,a,z,gjbzk,2016,,,,
10,中医,1057,中医,105708,民族医学（含：藏医学、蒙医学等）,,zx,a,z,gjbzk,2016,,,,
10,中医,1057,中医,105709,中西医结合临床,,zx,a,z,gjbzk,2016,,,,
10,中医,1057,中医,105710,全科医学（中医，不授博士学位）,,zx,s,z,gjbzk,2016,,,,
10,医学,1071,科学技术史,107100,科学技术史,071200,xs,a,p,gjbzk,2016,,,,
10,医学,1072,生物医学工程,107200,生物医学工程,083100,xs,a,p,gjbzk,2016,,,,
10,医学,1073,,107301,运动人体科学,040302,xs,a,p,gjbzk,2016,,,,
10,医学,1074,,107401,社会医学与卫生事业管理,120402,xs,a,p,gjbzk,2016,,,,
11,军事学,1101,军事思想及军事历史,110100,军事思想及军事历史,,xs,a,p,gjbzk,2016,,,,
11,军事学,1101,军事思想及军事历史,110101,军事思想,,xs,a,p,gjbzk,2016,,,,
11,军事学,1101,军事思想及军事历史,110102,军事历史,,xs,a,p,gjbzk,2016,,,,
11,军事学,1102,战略学,110200,战略学,,xs,a,p,gjbzk,2016,,,,
11,军事学,1102,战略学,110201,军事战略学,,xs,a,p,gjbzk,2016,,,,
11,军事学,1102,战略学,110202,战争动员学,,xs,a,p,gjbzk,2016,,,,
11,军事学,1103,战役学,110300,战役学,,xs,a,p,gjbzk,2016,,,,
11,军事学,1103,战役学,110301,联合战役学,,xs,a,p,gjbzk,2016,,,,
11,军事学,1103,战役学,110302,军种战役学,,xs,a,p,gjbzk,2016,,,,
11,军事学,1104,战术学,110400,战术学,,xs,a,p,gjbzk,2016,,,,
11,军事学,1104,战术学,110401,合同战术学,,xs,a,p,gjbzk,2016,,,,
11,军事学,1104,战术学,110402,兵种战术学,,xs,a,p,gjbzk,2016,,,,
11,军事学,1105,军队指挥学,110500,军队指挥学,,xs,a,p,gjbzk,2016,,,,
11,军事学,1105,军队指挥学,110501,作战指挥学,,xs,a,p,gjbzk,2016,,,,
11,军事学,1105,军队指挥学,110502,军事运筹学,,xs,a,p,gjbzk,2016,,,,
11,军事学,1105,军队指挥学,110503,军事通信学,,xs,a,p,gjbzk,2016,,,,
11,军事学,1105,军队指挥学,110504,军事情报学,,xs,a,p,gjbzk,2016,,,,
11,军事学,1105,军队指挥学,110505,密码学,,xs,a,p,gjbzk,2016,,,,
11,军事学,1106,军制学,110600,军制学,,xs,a,p,gjbzk,2016,,,,
11,军事学,1106,军制学,110601,军事组织编制学,,xs,a,p,gjbzk,2016,,,,
11,军事学,1106,军制学,110602,军队管理学,,xs,a,p,gjbzk,2016,,,,
11,军事学,1107,军队政治工作学,110700,军队政治工作学,,xs,a,p,gjbzk,2016,,,,
11,军事学,1108,军事后勤学,110800,军事后勤学,,xs,a,p,gjbzk,2016,,,,
11,军事学,1108,军事后勤学,110802,后方专业勤务,,xs,a,p,gjbzk,2016,,,,
11,军事学,1109,军事装备学,110900,军事装备学,,xs,a,p,gjbzk,2016,,,,
11,军事学,1109,军事装备学,1109L1,军事装备学,,xs,a,p,gjbzk,2016,,,,
11,军事学,1110,军事训练学,111000,军事训练学,,xs,a,p,gjbzk,2016,,,,
11,军事,1151,军事,115100,军事,,zx,s,p,gjbzk,2016,,,,
11,军事,1151,军事,115101,军事指挥,,zx,s,p,gjbzk,2016,,,,
11,军事,1151,军事,115102,军队政治工作,,zx,s,p,gjbzk,2016,,,,
11,军事,1151,军事,115103,军事后勤,,zx,s,p,gjbzk,2016,,,,
11,军事,1151,军事,115104,军事装备,,zx,s,p,gjbzk,2016,,,,
12,管理学,1201,管理科学与工程,120100,管理科学与工程,,xs,a,p,gjbzk,2016,,,,
12,管理学,1202,工商管理,120200,工商管理,,xs,a,p,gjbzk,2016,,,,
12,管理学,1202,工商管理,120201,会计学,,xs,a,p,gjbzk,2016,,,,
12,管理学,1202,工商管理,120202,企业管理,,xs,a,p,gjbzk,2016,,,,
12,管理学,1202,工商管理,120203,旅游管理,,xs,a,p,gjbzk,2016,,,,
12,管理学,1202,工商管理,120204,技术经济及管理,,xs,a,p,gjbzk,2016,,,,
12,管理学,1202,工商管理,1202Z1,市场营销,,xs,,,xxzs,2016,,,,
12,管理学,1203,农林经济管理,120300,农林经济管理,,xs,a,p,gjbzk,2016,,,,
12,管理学,1203,农林经济管理,120301,农业经济管理,,xs,a,p,gjbzk,2016,,,,
12,管理学,1203,农林经济管理,120302,林业经济管理,,xs,a,p,gjbzk,2016,,,,
12,管理学,1204,公共管理,120400,公共管理,,xs,a,p,gjbzk,2016,,,,
12,管理学,1204,公共管理,120401,行政管理,,xs,a,p,gjbzk,2016,,,,
12,管理学,1204,公共管理,120402,社会医学与卫生事业管理,,xs,a,p,gjbzk,2016,,,,
12,管理学,1204,公共管理,120403,教育经济与管理,,xs,a,p,gjbzk,2016,,,,
12,管理学,1204,公共管理,120404,社会保障,,xs,a,p,gjbzk,2016,,,,
12,管理学,1204,公共管理,120405,土地资源管理,,xs,a,p,gjbzk,2016,,,,
12,管理学,1205,图书情报与档案管理,120500,图书情报与档案管理,,xs,a,p,gjbzk,2016,,,,
12,管理学,1205,图书情报与档案管理,120501,图书馆学,,xs,a,p,gjbzk,2016,,,,
12,管理学,1205,图书情报与档案管理,120502,情报学,,xs,a,p,gjbzk,2016,,,,
12,管理学,1205,图书情报与档案管理,120503,档案学,,xs,a,p,gjbzk,2016,,,,
12,管理学,1205,图书情报与档案管理,1205Z1,商业分析,,xs,,,xxzs,2016,,,,
12,管理学,1251,工商管理,125100,工商管理,,zx,s,m,gjbzk,2016,,,,
12,管理学,1252,公共管理,125200,公共管理,,zx,s,m,gjbzk,2016,,,,
12,管理学,1253,会计,125300,会计,,zx,s,m,gjbzk,2016,,,,
12,管理学,1254,旅游管理,125400,旅游管理,,zx,s,m,gjbzk,2016,,,,
12,管理学,1255,图书情报,125500,图书情报,,zx,s,m,gjbzk,2016,,,,
12,管理学,1256,工程管理,125600,工程管理,,zx,s,m,gjbzk,2016,,,,
13,艺术学,1301,艺术学理论,130100,艺术学理论,,xs,a,p,gjbzk,2016,,,,
13,艺术学,1301,艺术学理论,1301L1,艺术学,,xs,a,p,gjbzk,2016,,,,
13,艺术学,1302,音乐与舞蹈学,130200,音乐与舞蹈学,,xs,a,p,gjbzk,2016,,,,
13,艺术学,1302,音乐与舞蹈学,1302L1,音乐学,,xs,a,p,gjbzk,2016,,,,
13,艺术学,1303,戏剧与影视学,130300,戏剧与影视学,,xs,a,p,gjbzk,2016,,,,
13,艺术学,1303,戏剧与影视学,1303L1,戏剧戏曲学,,xs,a,p,gjbzk,2016,,,,
13,艺术学,1303,戏剧与影视学,1303L2,广播电视艺术学,,xs,a,p,gjbzk,2016,,,,
13,艺术学,1303,戏剧与影视学,1303L3,电影学,,xs,a,p,gjbzk,2016,,,,
13,艺术学,1304,美术学,130400,美术学,,xs,a,p,gjbzk,2016,,,,
13,艺术学,1304,美术学,1304L1,美术学,,xs,a,p,gjbzk,2016,,,,
13,艺术学,1305,设计学,130500,设计学,,xs,a,p,gjbzk,2016,,,,
13,艺术学,1305,设计学,1305L1,设计艺术学,,xs,a,p,gjbzk,2016,,,,
13,艺术,1351,艺术,135100,艺术,,zx,s,p,gjbzk,2016,,,,
13,艺术,1351,艺术,135101,音乐,,zx,s,p,gjbzk,2016,,,,
13,艺术,1351,艺术,135102,戏剧,,zx,s,p,gjbzk,2016,,,,
13,艺术,1351,艺术,135103,戏曲,,zx,s,p,gjbzk,2016,,,,
13,艺术,1351,艺术,135104,电影,,zx,s,p,gjbzk,2016,,,,
13,艺术,1351,艺术,135105,广播电视,,zx,s,p,gjbzk,2016,,,,
13,艺术,1351,艺术,135106,舞蹈,,zx,s,p,gjbzk,2016,,,,
13,艺术,1351,艺术,135107,美术,,zx,s,p,gjbzk,2016,,,,
13,艺术,1351,艺术,135108,艺术设计,,zx,s,p,gjbzk,2016,,,,
